project_id,ngo_id,staff_id,name,description,start_date,end_date,budget
1,18,396,Solar Panel Distribution,"Community-driven project focused on building local capacity, strengthening institutions, and fostering inclusive development practices.",2021-11-07,2024-08-07,95294411
2,3,123,Blood Donation Campaign,"Integrated approach to community development combining awareness campaigns, skills training, and infrastructure improvements for lasting impact.",2019-09-16,2022-09-16,89110650
3,13,120,Community Garden Development,"Transformative program designed to create sustainable change through education, empowerment, and the provision of essential services.",2022-09-18,2024-04-18,44120390
4,18,126,Anti-Corruption Advocacy,This project aims to improve access to essential services for underserved communities through sustainable infrastructure development and capacity building.,2020-12-03,2022-03-03,50521922
5,19,133,Maternal Health Improvement,"Transformative program designed to create sustainable change through education, empowerment, and the provision of essential services.",2023-09-03,2026-12-03,24126404
6,20,83,Environmental Conservation,"A comprehensive initiative designed to empower vulnerable populations through education, training, and resource provision while promoting long-term self-sufficiency.",2024-11-15,2026-02-15,43757052
7,16,140,Maternal Health Improvement,Collaborative initiative bringing together stakeholders to address pressing social needs through coordinated action and resource mobilization.,2021-07-08,2023-11-08,70376942
8,19,249,School Renovation Campaign,This project aims to improve access to essential services for underserved communities through sustainable infrastructure development and capacity building.,2024-03-01,2026-06-01,12147686
9,7,107,Neighborhood Safety,"Strategic program to enhance the quality of life for beneficiaries through direct service delivery, policy advocacy, and partnership development.",2022-07-17,2024-06-17,30413193
10,11,68,Public Health Screening,"Strategic program to enhance the quality of life for beneficiaries through direct service delivery, policy advocacy, and partnership development.",2018-04-09,2020-07-09,84132321
11,13,400,Library Modernization,Collaborative initiative bringing together stakeholders to address pressing social needs through coordinated action and resource mobilization.,2019-11-16,2020-08-16,93547135
12,3,200,Housing for Homeless,Collaborative initiative bringing together stakeholders to address pressing social needs through coordinated action and resource mobilization.,2018-11-12,2022-01-12,48643901
13,2,119,Family Planning Education,"Focused on addressing critical social challenges through community engagement, advocacy, and the implementation of evidence-based interventions.",2022-09-20,2024-02-20,3680659
14,16,392,Renewable Energy Research,"Focused on addressing critical social challenges through community engagement, advocacy, and the implementation of evidence-based interventions.",2024-11-25,2027-03-25,28323383
15,1,69,Trade Skills Development,"Transformative program designed to create sustainable change through education, empowerment, and the provision of essential services.",2024-02-08,2027-06-08,66253897
16,12,308,Sports for Youth,"A comprehensive initiative designed to empower vulnerable populations through education, training, and resource provision while promoting long-term self-sufficiency.",2022-05-19,2025-07-19,58862271
17,7,325,Child Protection Services,"Integrated approach to community development combining awareness campaigns, skills training, and infrastructure improvements for lasting impact.",2023-09-24,2025-07-24,57456750
18,13,95,Child Nutrition Enhancement,"Multi-faceted project addressing systemic issues through grassroots mobilization, institutional strengthening, and innovative solution implementation.",2018-10-16,2021-01-16,65696894
19,13,44,Food Security Enhancement,Comprehensive intervention addressing multiple dimensions of social welfare through targeted programming and strategic partnerships.,2020-05-12,2020-12-12,77847933
20,20,6,Immigration Support,"A comprehensive initiative designed to empower vulnerable populations through education, training, and resource provision while promoting long-term self-sufficiency.",2019-11-11,2021-03-11,89052630
21,13,130,Disability Support Services,Collaborative initiative bringing together stakeholders to address pressing social needs through coordinated action and resource mobilization.,2019-11-15,2021-01-15,86718879
22,7,400,Public Health Screening,"A comprehensive initiative designed to empower vulnerable populations through education, training, and resource provision while promoting long-term self-sufficiency.",2023-08-11,2026-03-11,33346834
23,1,377,Cultural Heritage Preservation,"Integrated approach to community development combining awareness campaigns, skills training, and infrastructure improvements for lasting impact.",2024-02-27,2025-03-27,56408321
24,18,229,Sustainable Tourism Development,"Transformative program designed to create sustainable change through education, empowerment, and the provision of essential services.",2022-08-19,2024-01-19,64164278
25,2,221,Transparency Initiative,"Multi-faceted project addressing systemic issues through grassroots mobilization, institutional strengthening, and innovative solution implementation.",2018-03-24,2019-12-24,37216251
26,10,23,Blood Donation Campaign,"Transformative program designed to create sustainable change through education, empowerment, and the provision of essential services.",2020-07-20,2022-01-20,18274723
27,13,218,Agricultural Technology Training,Comprehensive intervention addressing multiple dimensions of social welfare through targeted programming and strategic partnerships.,2021-06-13,2024-06-13,71680386
28,17,163,Trade Skills Development,"Community-driven project focused on building local capacity, strengthening institutions, and fostering inclusive development practices.",2019-09-08,2022-01-08,98380736
29,1,127,Agricultural Technology Training,"Strategic program to enhance the quality of life for beneficiaries through direct service delivery, policy advocacy, and partnership development.",2024-01-15,2025-05-15,97864354
30,5,153,Trade Skills Development,Comprehensive intervention addressing multiple dimensions of social welfare through targeted programming and strategic partnerships.,2021-08-28,2024-03-28,79168022
31,13,237,Solar Panel Distribution,This project aims to improve access to essential services for underserved communities through sustainable infrastructure development and capacity building.,2023-03-03,2025-09-03,31740560
32,8,301,Legal Aid Services,"Community-driven project focused on building local capacity, strengthening institutions, and fostering inclusive development practices.",2022-06-05,2024-02-05,37626868
33,9,372,Agricultural Technology Training,"Strategic program to enhance the quality of life for beneficiaries through direct service delivery, policy advocacy, and partnership development.",2019-08-24,2021-10-24,39136327
34,16,77,Financial Literacy Training,"Community-driven project focused on building local capacity, strengthening institutions, and fostering inclusive development practices.",2019-07-17,2021-05-17,16944151
35,7,227,Emergency Relief Response,"Focused on addressing critical social challenges through community engagement, advocacy, and the implementation of evidence-based interventions.",2021-03-19,2022-11-19,42043874
36,17,393,Sustainable Tourism Development,"Multi-faceted project addressing systemic issues through grassroots mobilization, institutional strengthening, and innovative solution implementation.",2019-03-22,2021-02-22,88877545
37,15,144,Disability Support Services,"Strategic program to enhance the quality of life for beneficiaries through direct service delivery, policy advocacy, and partnership development.",2020-09-28,2023-02-28,3522544
38,8,96,Sports for Youth,"Strategic program to enhance the quality of life for beneficiaries through direct service delivery, policy advocacy, and partnership development.",2018-12-19,2020-12-19,27986003
39,1,242,Sports for Youth,Collaborative initiative bringing together stakeholders to address pressing social needs through coordinated action and resource mobilization.,2020-02-06,2023-02-06,59081135
40,12,361,Food Security Enhancement,This project aims to improve access to essential services for underserved communities through sustainable infrastructure development and capacity building.,2024-03-21,2024-09-21,42964621
41,15,324,Urban Agriculture,Collaborative initiative bringing together stakeholders to address pressing social needs through coordinated action and resource mobilization.,2020-03-17,2020-09-17,41374482
42,8,180,Maternal Health Improvement,"Focused on addressing critical social challenges through community engagement, advocacy, and the implementation of evidence-based interventions.",2024-05-11,2027-03-11,76013417
43,3,255,Climate Change Adaptation,"Integrated approach to community development combining awareness campaigns, skills training, and infrastructure improvements for lasting impact.",2021-11-27,2023-01-27,65489584
44,7,150,Trade Skills Development,This project aims to improve access to essential services for underserved communities through sustainable infrastructure development and capacity building.,2019-02-01,2021-02-01,5513564
45,16,108,Gender Equality Advocacy,This project aims to improve access to essential services for underserved communities through sustainable infrastructure development and capacity building.,2020-12-14,2023-09-14,5573949
46,18,50,Blood Donation Campaign,This project aims to improve access to essential services for underserved communities through sustainable infrastructure development and capacity building.,2020-06-20,2021-02-20,56202695
47,9,282,Gender Equality Advocacy,"Focused on addressing critical social challenges through community engagement, advocacy, and the implementation of evidence-based interventions.",2019-05-13,2020-06-13,45614095
48,16,47,Mental Health Awareness,"Strategic program to enhance the quality of life for beneficiaries through direct service delivery, policy advocacy, and partnership development.",2023-10-09,2026-07-09,48156897
49,7,169,Family Planning Education,"Transformative program designed to create sustainable change through education, empowerment, and the provision of essential services.",2019-09-08,2021-04-08,69432686
50,4,296,Urban Agriculture,"Multi-faceted project addressing systemic issues through grassroots mobilization, institutional strengthening, and innovative solution implementation.",2024-01-06,2025-06-06,83161132
51,13,303,Climate Change Adaptation Phase 1,Comprehensive intervention addressing multiple dimensions of social welfare through targeted programming and strategic partnerships.,2023-07-18,2024-11-18,78858057
52,1,233,Family Planning Education Phase 1,"Focused on addressing critical social challenges through community engagement, advocacy, and the implementation of evidence-based interventions.",2020-11-03,2022-04-03,55013971
53,6,255,Rural Healthcare Expansion Phase 1,"Strategic program to enhance the quality of life for beneficiaries through direct service delivery, policy advocacy, and partnership development.",2020-04-27,2021-06-27,48936730
54,1,218,Sports for Youth Phase 1,"Community-driven project focused on building local capacity, strengthening institutions, and fostering inclusive development practices.",2019-05-11,2022-09-11,84533949
55,5,25,Malaria Prevention Phase 1,"Strategic program to enhance the quality of life for beneficiaries through direct service delivery, policy advocacy, and partnership development.",2019-07-28,2021-05-28,62793704
56,6,49,Reforestation Campaign Phase 1,"Community-driven project focused on building local capacity, strengthening institutions, and fostering inclusive development practices.",2023-01-05,2023-10-05,96165783
57,4,372,Family Planning Education Phase 1,"A comprehensive initiative designed to empower vulnerable populations through education, training, and resource provision while promoting long-term self-sufficiency.",2018-05-02,2020-09-02,32591261
58,13,204,Library Modernization Phase 1,"A comprehensive initiative designed to empower vulnerable populations through education, training, and resource provision while promoting long-term self-sufficiency.",2021-10-16,2025-01-16,52019699
59,10,341,Crisis Intervention Phase 1,Collaborative initiative bringing together stakeholders to address pressing social needs through coordinated action and resource mobilization.,2021-11-26,2024-04-26,81264497
60,14,366,Gender Equality Advocacy Phase 1,"Integrated approach to community development combining awareness campaigns, skills training, and infrastructure improvements for lasting impact.",2021-08-09,2022-06-09,43928692
61,1,108,Public Health Screening Phase 1,"Multi-faceted project addressing systemic issues through grassroots mobilization, institutional strengthening, and innovative solution implementation.",2022-04-01,2024-09-01,54593564
62,3,48,Disaster Preparedness Phase 1,This project aims to improve access to essential services for underserved communities through sustainable infrastructure development and capacity building.,2024-03-17,2025-07-17,24223997
63,20,25,Scholarship Program Phase 1,"Focused on addressing critical social challenges through community engagement, advocacy, and the implementation of evidence-based interventions.",2018-10-02,2021-03-02,49866993
64,7,176,Trade Skills Development Phase 1,"A comprehensive initiative designed to empower vulnerable populations through education, training, and resource provision while promoting long-term self-sufficiency.",2019-10-04,2023-01-04,55479235
65,2,371,Urban Agriculture Phase 1,"Multi-faceted project addressing systemic issues through grassroots mobilization, institutional strengthening, and innovative solution implementation.",2020-10-22,2021-10-22,57041737
66,13,273,Transparency Initiative Phase 1,"A comprehensive initiative designed to empower vulnerable populations through education, training, and resource provision while promoting long-term self-sufficiency.",2020-11-03,2022-06-03,82095774
67,18,221,Gender Equality Advocacy Phase 1,"Transformative program designed to create sustainable change through education, empowerment, and the provision of essential services.",2024-07-04,2025-10-04,92115935
68,10,161,Elderly Care Services Phase 1,"Strategic program to enhance the quality of life for beneficiaries through direct service delivery, policy advocacy, and partnership development.",2018-06-24,2019-10-24,27558939
69,7,81,Public Health Screening Phase 1,"Focused on addressing critical social challenges through community engagement, advocacy, and the implementation of evidence-based interventions.",2021-10-28,2023-08-28,51488177
70,15,50,Blood Donation Campaign Phase 1,This project aims to improve access to essential services for underserved communities through sustainable infrastructure development and capacity building.,2020-05-10,2022-09-10,11740120
71,14,147,Anti-Corruption Advocacy Phase 1,Comprehensive intervention addressing multiple dimensions of social welfare through targeted programming and strategic partnerships.,2018-06-21,2019-07-21,7969984
72,12,216,Immigration Support Phase 1,This project aims to improve access to essential services for underserved communities through sustainable infrastructure development and capacity building.,2021-04-22,2024-06-22,98124859
73,8,361,Child Nutrition Enhancement Phase 1,"Multi-faceted project addressing systemic issues through grassroots mobilization, institutional strengthening, and innovative solution implementation.",2022-07-01,2025-06-01,69839305
74,16,91,Public Health Screening Phase 1,"Multi-faceted project addressing systemic issues through grassroots mobilization, institutional strengthening, and innovative solution implementation.",2019-06-14,2020-02-14,39045953
75,7,199,Cultural Heritage Preservation Phase 1,"Multi-faceted project addressing systemic issues through grassroots mobilization, institutional strengthening, and innovative solution implementation.",2021-05-18,2022-08-18,47322599
76,8,360,Scholarship Program Phase 1,"Transformative program designed to create sustainable change through education, empowerment, and the provision of essential services.",2018-04-21,2018-10-21,59662362
77,20,300,Solar Energy Installation Phase 1,Collaborative initiative bringing together stakeholders to address pressing social needs through coordinated action and resource mobilization.,2024-08-01,2027-03-01,53452851
78,14,290,Reforestation Campaign Phase 1,"Multi-faceted project addressing systemic issues through grassroots mobilization, institutional strengthening, and innovative solution implementation.",2019-09-01,2021-10-01,91360586
79,4,7,Clean Water Access Initiative Phase 1,"Community-driven project focused on building local capacity, strengthening institutions, and fostering inclusive development practices.",2024-09-03,2025-04-03,52669466
80,5,158,Neighborhood Safety Phase 1,"Strategic program to enhance the quality of life for beneficiaries through direct service delivery, policy advocacy, and partnership development.",2021-08-04,2022-11-04,26709475
81,16,144,Sports for Youth Phase 1,"Community-driven project focused on building local capacity, strengthening institutions, and fostering inclusive development practices.",2020-07-28,2022-09-28,3393410
82,6,152,Scholarship Program Phase 1,"Transformative program designed to create sustainable change through education, empowerment, and the provision of essential services.",2022-10-24,2024-12-24,86119059
83,8,1,School Renovation Campaign Phase 1,This project aims to improve access to essential services for underserved communities through sustainable infrastructure development and capacity building.,2024-12-08,2027-05-08,45536667
84,5,196,Mental Health Awareness Phase 1,"Transformative program designed to create sustainable change through education, empowerment, and the provision of essential services.",2018-08-01,2020-09-01,50078440
85,12,7,Trade Skills Development Phase 1,"Strategic program to enhance the quality of life for beneficiaries through direct service delivery, policy advocacy, and partnership development.",2023-06-05,2026-09-05,92046914
86,13,319,Voter Education Campaign Phase 1,"A comprehensive initiative designed to empower vulnerable populations through education, training, and resource provision while promoting long-term self-sufficiency.",2024-09-17,2025-07-17,59269947
87,2,302,Food Security Enhancement Phase 1,"Focused on addressing critical social challenges through community engagement, advocacy, and the implementation of evidence-based interventions.",2023-07-13,2026-07-13,10093512
88,15,199,Trade Skills Development Phase 1,Comprehensive intervention addressing multiple dimensions of social welfare through targeted programming and strategic partnerships.,2018-02-06,2020-09-06,6330576
89,9,338,Library Modernization Phase 1,"Integrated approach to community development combining awareness campaigns, skills training, and infrastructure improvements for lasting impact.",2020-04-03,2022-03-03,3077074
90,9,318,Solar Panel Distribution Phase 1,Comprehensive intervention addressing multiple dimensions of social welfare through targeted programming and strategic partnerships.,2018-11-25,2020-05-25,37793301
91,14,90,Legal Aid Services Phase 1,"Strategic program to enhance the quality of life for beneficiaries through direct service delivery, policy advocacy, and partnership development.",2023-02-08,2025-04-08,94879271
92,20,256,Child Nutrition Enhancement Phase 1,"Transformative program designed to create sustainable change through education, empowerment, and the provision of essential services.",2023-03-03,2026-08-03,76032094
93,11,105,Child Protection Services Phase 1,"Community-driven project focused on building local capacity, strengthening institutions, and fostering inclusive development practices.",2023-10-04,2025-08-04,37895684
94,18,129,Community Garden Development Phase 1,"Strategic program to enhance the quality of life for beneficiaries through direct service delivery, policy advocacy, and partnership development.",2018-08-19,2021-10-19,17722541
95,3,298,Rural Healthcare Expansion Phase 1,"Integrated approach to community development combining awareness campaigns, skills training, and infrastructure improvements for lasting impact.",2024-03-24,2027-05-24,44235183
96,18,266,Gender Equality Advocacy Phase 1,"Integrated approach to community development combining awareness campaigns, skills training, and infrastructure improvements for lasting impact.",2019-11-05,2020-11-05,89155481
97,3,119,Clean Water Access Initiative Phase 1,This project aims to improve access to essential services for underserved communities through sustainable infrastructure development and capacity building.,2024-01-02,2025-12-02,67153062
98,20,144,Gender Equality Advocacy Phase 1,Collaborative initiative bringing together stakeholders to address pressing social needs through coordinated action and resource mobilization.,2018-07-26,2020-09-26,35895989
99,5,74,Anti-Corruption Advocacy Phase 1,"Integrated approach to community development combining awareness campaigns, skills training, and infrastructure improvements for lasting impact.",2018-12-10,2020-08-10,64483443
100,14,322,Malaria Prevention Phase 2,"Transformative program designed to create sustainable change through education, empowerment, and the provision of essential services.",2023-02-02,2025-04-02,77235385
101,14,182,Voter Education Campaign Phase 2,"Transformative program designed to create sustainable change through education, empowerment, and the provision of essential services.",2024-07-27,2025-09-27,84227891
102,6,29,Music Education for Children Phase 2,"Community-driven project focused on building local capacity, strengthening institutions, and fostering inclusive development practices.",2024-08-16,2025-08-16,21133762
103,7,240,Digital Literacy Training Phase 2,"A comprehensive initiative designed to empower vulnerable populations through education, training, and resource provision while promoting long-term self-sufficiency.",2021-02-16,2022-08-16,46184917
104,9,322,Community Garden Development Phase 2,Collaborative initiative bringing together stakeholders to address pressing social needs through coordinated action and resource mobilization.,2020-01-16,2023-06-16,15349776
105,13,211,Malaria Prevention Phase 2,"Focused on addressing critical social challenges through community engagement, advocacy, and the implementation of evidence-based interventions.",2018-03-13,2020-11-13,45938169
106,18,341,Neighborhood Safety Phase 2,Collaborative initiative bringing together stakeholders to address pressing social needs through coordinated action and resource mobilization.,2024-08-16,2027-10-16,94887848
107,6,145,Digital Literacy Training Phase 2,"Strategic program to enhance the quality of life for beneficiaries through direct service delivery, policy advocacy, and partnership development.",2023-06-19,2025-10-19,9948977
108,5,172,Youth Leadership Development Phase 2,Collaborative initiative bringing together stakeholders to address pressing social needs through coordinated action and resource mobilization.,2020-08-24,2023-08-24,51317860
109,6,234,Maternal Health Improvement Phase 2,"Integrated approach to community development combining awareness campaigns, skills training, and infrastructure improvements for lasting impact.",2022-12-11,2023-09-11,99069960
110,5,133,Mental Health Awareness Phase 2,"Integrated approach to community development combining awareness campaigns, skills training, and infrastructure improvements for lasting impact.",2021-08-12,2023-03-12,3840470
111,11,164,Microfinance for Entrepreneurs Phase 2,"Integrated approach to community development combining awareness campaigns, skills training, and infrastructure improvements for lasting impact.",2023-06-18,2025-04-18,82512542
112,7,135,Digital Literacy Training Phase 2,"A comprehensive initiative designed to empower vulnerable populations through education, training, and resource provision while promoting long-term self-sufficiency.",2022-06-24,2025-03-24,64634539
113,13,226,Public Health Screening Phase 2,Comprehensive intervention addressing multiple dimensions of social welfare through targeted programming and strategic partnerships.,2024-07-12,2025-09-12,58068193
114,13,131,School Renovation Campaign Phase 2,"Community-driven project focused on building local capacity, strengthening institutions, and fostering inclusive development practices.",2020-10-13,2023-10-13,61739741
115,18,224,Housing for Homeless Phase 2,Comprehensive intervention addressing multiple dimensions of social welfare through targeted programming and strategic partnerships.,2021-08-22,2023-08-22,97362950
116,3,213,Legal Aid Services Phase 2,Comprehensive intervention addressing multiple dimensions of social welfare through targeted programming and strategic partnerships.,2023-01-02,2024-10-02,47399335
117,19,299,Animal Shelter Expansion Phase 2,"Multi-faceted project addressing systemic issues through grassroots mobilization, institutional strengthening, and innovative solution implementation.",2023-04-20,2025-02-20,57967160
118,17,87,Cultural Heritage Preservation Phase 2,"Transformative program designed to create sustainable change through education, empowerment, and the provision of essential services.",2023-07-15,2026-03-15,51241915
119,7,211,Vocational Skills Training Phase 2,"Integrated approach to community development combining awareness campaigns, skills training, and infrastructure improvements for lasting impact.",2021-01-21,2024-01-21,21263031
120,14,217,Music Education for Children Phase 2,"Focused on addressing critical social challenges through community engagement, advocacy, and the implementation of evidence-based interventions.",2021-09-13,2024-01-13,24959977
121,15,232,Food Security Enhancement Phase 2,Collaborative initiative bringing together stakeholders to address pressing social needs through coordinated action and resource mobilization.,2021-10-02,2023-12-02,34718817
122,20,45,Microfinance for Entrepreneurs Phase 2,"A comprehensive initiative designed to empower vulnerable populations through education, training, and resource provision while promoting long-term self-sufficiency.",2021-09-17,2022-03-17,29690055
123,17,361,Reforestation Campaign Phase 2,"Multi-faceted project addressing systemic issues through grassroots mobilization, institutional strengthening, and innovative solution implementation.",2020-09-28,2023-12-28,48677332
124,10,113,Solar Energy Installation Phase 2,This project aims to improve access to essential services for underserved communities through sustainable infrastructure development and capacity building.,2023-01-18,2024-05-18,80451830
125,9,63,Blood Donation Campaign Phase 2,"Strategic program to enhance the quality of life for beneficiaries through direct service delivery, policy advocacy, and partnership development.",2021-04-20,2024-02-20,94390166
126,8,309,Library Modernization Phase 2,Collaborative initiative bringing together stakeholders to address pressing social needs through coordinated action and resource mobilization.,2023-09-10,2025-09-10,34619377
127,17,332,Transparency Initiative Phase 2,"Focused on addressing critical social challenges through community engagement, advocacy, and the implementation of evidence-based interventions.",2024-01-06,2025-11-06,8132212
128,20,204,Women's Economic Empowerment Phase 2,"Focused on addressing critical social challenges through community engagement, advocacy, and the implementation of evidence-based interventions.",2020-06-03,2021-07-03,90214289
129,18,166,Malaria Prevention Phase 2,"Integrated approach to community development combining awareness campaigns, skills training, and infrastructure improvements for lasting impact.",2019-12-10,2020-08-10,88865678
130,6,27,Clean Water Access Initiative Phase 2,"Multi-faceted project addressing systemic issues through grassroots mobilization, institutional strengthening, and innovative solution implementation.",2020-03-18,2022-08-18,11736821
131,6,346,Child Nutrition Enhancement Phase 2,"Community-driven project focused on building local capacity, strengthening institutions, and fostering inclusive development practices.",2019-02-09,2021-07-09,67958811
132,6,22,Anti-Corruption Advocacy Phase 2,"A comprehensive initiative designed to empower vulnerable populations through education, training, and resource provision while promoting long-term self-sufficiency.",2024-09-27,2027-02-27,18464867
133,11,395,Cultural Heritage Preservation Phase 2,Comprehensive intervention addressing multiple dimensions of social welfare through targeted programming and strategic partnerships.,2023-10-06,2026-04-06,35569231
134,4,99,Immigration Support Phase 2,"A comprehensive initiative designed to empower vulnerable populations through education, training, and resource provision while promoting long-term self-sufficiency.",2023-04-24,2026-01-24,93565578
135,16,177,Scholarship Program Phase 2,"Strategic program to enhance the quality of life for beneficiaries through direct service delivery, policy advocacy, and partnership development.",2024-02-04,2024-09-04,15374927
136,13,246,Digital Literacy Training Phase 2,"Integrated approach to community development combining awareness campaigns, skills training, and infrastructure improvements for lasting impact.",2018-05-15,2020-06-15,74623671
137,7,285,Crisis Intervention Phase 2,"Multi-faceted project addressing systemic issues through grassroots mobilization, institutional strengthening, and innovative solution implementation.",2018-11-10,2021-03-10,65127660
138,19,313,School Renovation Campaign Phase 2,"Multi-faceted project addressing systemic issues through grassroots mobilization, institutional strengthening, and innovative solution implementation.",2022-03-12,2023-02-12,8401404
139,5,270,Scholarship Program Phase 2,Collaborative initiative bringing together stakeholders to address pressing social needs through coordinated action and resource mobilization.,2021-05-01,2022-09-01,48815573
140,18,79,Climate Change Adaptation Phase 2,Comprehensive intervention addressing multiple dimensions of social welfare through targeted programming and strategic partnerships.,2018-03-19,2020-06-19,13695216
141,17,335,Urban Agriculture Phase 2,Comprehensive intervention addressing multiple dimensions of social welfare through targeted programming and strategic partnerships.,2022-04-16,2022-11-16,33183248
142,20,154,Library Modernization Phase 2,"Community-driven project focused on building local capacity, strengthening institutions, and fostering inclusive development practices.",2020-06-03,2021-04-03,80593604
143,14,118,Blood Donation Campaign Phase 2,"Strategic program to enhance the quality of life for beneficiaries through direct service delivery, policy advocacy, and partnership development.",2018-09-21,2020-12-21,4440991
144,5,219,Emergency Relief Response Phase 2,"Transformative program designed to create sustainable change through education, empowerment, and the provision of essential services.",2022-08-06,2025-08-06,93579332
145,6,316,Crisis Intervention Phase 2,Collaborative initiative bringing together stakeholders to address pressing social needs through coordinated action and resource mobilization.,2024-02-03,2024-12-03,70464342
146,18,259,Family Planning Education Phase 2,"Multi-faceted project addressing systemic issues through grassroots mobilization, institutional strengthening, and innovative solution implementation.",2023-10-10,2025-04-10,4185600
147,20,180,Solar Energy Installation Phase 2,"Multi-faceted project addressing systemic issues through grassroots mobilization, institutional strengthening, and innovative solution implementation.",2018-10-18,2020-03-18,13901995
148,13,68,Vocational Skills Training Phase 2,"Integrated approach to community development combining awareness campaigns, skills training, and infrastructure improvements for lasting impact.",2021-05-06,2023-07-06,28336133
149,6,140,Rural Healthcare Expansion Phase 2,"Multi-faceted project addressing systemic issues through grassroots mobilization, institutional strengthening, and innovative solution implementation.",2024-06-09,2026-07-09,12840907
150,15,340,Climate Change Adaptation Phase 3,"Integrated approach to community development combining awareness campaigns, skills training, and infrastructure improvements for lasting impact.",2019-05-12,2022-08-12,76218134
151,19,161,Anti-Corruption Advocacy Phase 3,"A comprehensive initiative designed to empower vulnerable populations through education, training, and resource provision while promoting long-term self-sufficiency.",2019-02-24,2020-01-24,23681403
152,9,142,Public Health Screening Phase 3,"A comprehensive initiative designed to empower vulnerable populations through education, training, and resource provision while promoting long-term self-sufficiency.",2020-08-16,2023-03-16,35482026
153,20,286,Financial Literacy Training Phase 3,This project aims to improve access to essential services for underserved communities through sustainable infrastructure development and capacity building.,2022-06-06,2024-03-06,79194036
154,15,391,Disability Support Services Phase 3,This project aims to improve access to essential services for underserved communities through sustainable infrastructure development and capacity building.,2024-02-13,2027-06-13,87526005
155,19,326,Sports for Youth Phase 3,Comprehensive intervention addressing multiple dimensions of social welfare through targeted programming and strategic partnerships.,2021-08-12,2023-04-12,52735339
156,14,314,Microfinance for Entrepreneurs Phase 3,"Transformative program designed to create sustainable change through education, empowerment, and the provision of essential services.",2018-07-07,2020-10-07,24101875
157,20,88,Agricultural Technology Training Phase 3,This project aims to improve access to essential services for underserved communities through sustainable infrastructure development and capacity building.,2019-06-13,2021-01-13,35219367
158,15,331,Transparency Initiative Phase 3,"Strategic program to enhance the quality of life for beneficiaries through direct service delivery, policy advocacy, and partnership development.",2024-12-15,2027-02-15,73865699
159,12,85,School Renovation Campaign Phase 3,This project aims to improve access to essential services for underserved communities through sustainable infrastructure development and capacity building.,2019-10-22,2022-03-22,35452984
160,20,268,Agricultural Technology Training Phase 3,"A comprehensive initiative designed to empower vulnerable populations through education, training, and resource provision while promoting long-term self-sufficiency.",2020-11-24,2022-02-24,46700023
161,16,123,Immigration Support Phase 3,"A comprehensive initiative designed to empower vulnerable populations through education, training, and resource provision while promoting long-term self-sufficiency.",2019-05-04,2022-09-04,58009810
162,11,376,Family Planning Education Phase 3,"Strategic program to enhance the quality of life for beneficiaries through direct service delivery, policy advocacy, and partnership development.",2018-04-14,2021-07-14,48314656
163,9,159,Women's Economic Empowerment Phase 3,"Community-driven project focused on building local capacity, strengthening institutions, and fostering inclusive development practices.",2023-04-12,2025-08-12,70349405
164,14,159,Housing for Homeless Phase 3,"Integrated approach to community development combining awareness campaigns, skills training, and infrastructure improvements for lasting impact.",2020-04-12,2023-04-12,73917221
165,17,54,Music Education for Children Phase 3,"A comprehensive initiative designed to empower vulnerable populations through education, training, and resource provision while promoting long-term self-sufficiency.",2019-04-21,2022-02-21,97601720
166,1,129,Financial Literacy Training Phase 3,"Multi-faceted project addressing systemic issues through grassroots mobilization, institutional strengthening, and innovative solution implementation.",2021-06-15,2021-12-15,79660190
167,2,127,TB Prevention Program Phase 3,"Integrated approach to community development combining awareness campaigns, skills training, and infrastructure improvements for lasting impact.",2021-05-21,2022-09-21,64996426
168,17,157,Animal Shelter Expansion Phase 3,"Multi-faceted project addressing systemic issues through grassroots mobilization, institutional strengthening, and innovative solution implementation.",2024-04-01,2026-06-01,71596203
169,16,278,Solar Panel Distribution Phase 3,"Transformative program designed to create sustainable change through education, empowerment, and the provision of essential services.",2020-10-22,2022-01-22,97411322
170,20,204,Urban Agriculture Phase 3,"Focused on addressing critical social challenges through community engagement, advocacy, and the implementation of evidence-based interventions.",2023-01-13,2025-02-13,91202218
171,8,36,Anti-Corruption Advocacy Phase 3,"Transformative program designed to create sustainable change through education, empowerment, and the provision of essential services.",2018-04-02,2019-02-02,97720562
172,13,269,Cultural Heritage Preservation Phase 3,Comprehensive intervention addressing multiple dimensions of social welfare through targeted programming and strategic partnerships.,2021-06-02,2023-11-02,29157583
173,17,218,Women's Economic Empowerment Phase 3,"Integrated approach to community development combining awareness campaigns, skills training, and infrastructure improvements for lasting impact.",2022-10-20,2025-01-20,63599698
174,13,21,School Renovation Campaign Phase 3,"Community-driven project focused on building local capacity, strengthening institutions, and fostering inclusive development practices.",2023-10-27,2025-03-27,41088982
175,16,41,Emergency Relief Response Phase 3,"Strategic program to enhance the quality of life for beneficiaries through direct service delivery, policy advocacy, and partnership development.",2022-12-25,2024-07-25,15609705
176,1,344,Food Security Enhancement Phase 3,Comprehensive intervention addressing multiple dimensions of social welfare through targeted programming and strategic partnerships.,2023-09-09,2026-12-09,63463324
177,14,91,Blood Donation Campaign Phase 3,Comprehensive intervention addressing multiple dimensions of social welfare through targeted programming and strategic partnerships.,2019-01-22,2021-04-22,27700149
178,4,310,School Renovation Campaign Phase 3,This project aims to improve access to essential services for underserved communities through sustainable infrastructure development and capacity building.,2020-03-22,2020-12-22,80892659
179,8,217,TB Prevention Program Phase 3,"A comprehensive initiative designed to empower vulnerable populations through education, training, and resource provision while promoting long-term self-sufficiency.",2024-11-18,2025-07-18,49491700
180,6,300,Sustainable Tourism Development Phase 3,This project aims to improve access to essential services for underserved communities through sustainable infrastructure development and capacity building.,2020-04-15,2021-05-15,47131621
181,7,263,Renewable Energy Research Phase 3,"Transformative program designed to create sustainable change through education, empowerment, and the provision of essential services.",2024-01-04,2025-08-04,94956714
182,5,243,Library Modernization Phase 3,"Strategic program to enhance the quality of life for beneficiaries through direct service delivery, policy advocacy, and partnership development.",2020-08-26,2022-04-26,2330039
183,8,354,Palliative Care Expansion Phase 3,Comprehensive intervention addressing multiple dimensions of social welfare through targeted programming and strategic partnerships.,2018-03-05,2021-04-05,43650296
184,3,166,Digital Literacy Training Phase 3,"Strategic program to enhance the quality of life for beneficiaries through direct service delivery, policy advocacy, and partnership development.",2018-12-24,2020-08-24,6013351
185,9,282,Voter Education Campaign Phase 3,"Transformative program designed to create sustainable change through education, empowerment, and the provision of essential services.",2024-10-01,2026-06-01,58855888
186,1,11,Library Modernization Phase 3,"Community-driven project focused on building local capacity, strengthening institutions, and fostering inclusive development practices.",2020-12-03,2022-04-03,99679159
187,12,378,Immigration Support Phase 3,"Focused on addressing critical social challenges through community engagement, advocacy, and the implementation of evidence-based interventions.",2022-07-25,2023-04-25,85498688
188,16,159,Cultural Heritage Preservation Phase 3,"A comprehensive initiative designed to empower vulnerable populations through education, training, and resource provision while promoting long-term self-sufficiency.",2018-08-10,2019-06-10,71559946
189,16,389,Public Health Screening Phase 3,This project aims to improve access to essential services for underserved communities through sustainable infrastructure development and capacity building.,2019-05-04,2021-06-04,78639841
190,20,319,Neighborhood Safety Phase 3,"Strategic program to enhance the quality of life for beneficiaries through direct service delivery, policy advocacy, and partnership development.",2024-05-07,2026-07-07,34956007
191,2,112,Palliative Care Expansion Phase 3,"Community-driven project focused on building local capacity, strengthening institutions, and fostering inclusive development practices.",2022-07-22,2025-09-22,43926060
192,13,255,Agricultural Technology Training Phase 3,"Multi-faceted project addressing systemic issues through grassroots mobilization, institutional strengthening, and innovative solution implementation.",2020-03-07,2020-09-07,4965038
193,13,219,Library Modernization Phase 3,This project aims to improve access to essential services for underserved communities through sustainable infrastructure development and capacity building.,2024-08-19,2026-11-19,97326960
194,3,159,Crisis Intervention Phase 3,Comprehensive intervention addressing multiple dimensions of social welfare through targeted programming and strategic partnerships.,2019-08-05,2023-01-05,25763307
195,8,275,Music Education for Children Phase 3,"Multi-faceted project addressing systemic issues through grassroots mobilization, institutional strengthening, and innovative solution implementation.",2023-03-20,2023-12-20,44792054
196,14,31,Malaria Prevention Phase 3,"Multi-faceted project addressing systemic issues through grassroots mobilization, institutional strengthening, and innovative solution implementation.",2018-07-11,2020-09-11,40335286
197,8,330,Disaster Preparedness Phase 3,This project aims to improve access to essential services for underserved communities through sustainable infrastructure development and capacity building.,2023-07-06,2025-03-06,39871568
198,2,394,Crisis Intervention Phase 3,This project aims to improve access to essential services for underserved communities through sustainable infrastructure development and capacity building.,2020-04-19,2021-01-19,64432357
199,8,186,Climate Change Adaptation Phase 3,"Community-driven project focused on building local capacity, strengthening institutions, and fostering inclusive development practices.",2021-03-02,2024-07-02,34815504
200,11,394,Digital Literacy Training Phase 4,"Community-driven project focused on building local capacity, strengthening institutions, and fostering inclusive development practices.",2018-02-03,2021-04-03,35966361
201,14,154,Solar Panel Distribution Phase 4,"Multi-faceted project addressing systemic issues through grassroots mobilization, institutional strengthening, and innovative solution implementation.",2019-07-20,2022-09-20,69877749
202,6,255,Legal Aid Services Phase 4,"Integrated approach to community development combining awareness campaigns, skills training, and infrastructure improvements for lasting impact.",2021-08-19,2023-01-19,71952377
203,18,359,School Renovation Campaign Phase 4,"Community-driven project focused on building local capacity, strengthening institutions, and fostering inclusive development practices.",2022-01-23,2024-09-23,36175991
204,15,183,Child Nutrition Enhancement Phase 4,"Integrated approach to community development combining awareness campaigns, skills training, and infrastructure improvements for lasting impact.",2018-03-09,2021-01-09,3707327
205,18,388,Rural Healthcare Expansion Phase 4,"Community-driven project focused on building local capacity, strengthening institutions, and fostering inclusive development practices.",2018-12-28,2021-06-28,85702518
206,3,15,Digital Literacy Training Phase 4,"Integrated approach to community development combining awareness campaigns, skills training, and infrastructure improvements for lasting impact.",2020-08-28,2023-12-28,55419676
207,6,52,Child Protection Services Phase 4,"Focused on addressing critical social challenges through community engagement, advocacy, and the implementation of evidence-based interventions.",2024-03-20,2025-06-20,28248225
208,13,345,Transparency Initiative Phase 4,This project aims to improve access to essential services for underserved communities through sustainable infrastructure development and capacity building.,2024-11-14,2028-02-14,57706320
209,14,177,Library Modernization Phase 4,Comprehensive intervention addressing multiple dimensions of social welfare through targeted programming and strategic partnerships.,2019-06-10,2020-11-10,4866660
210,17,304,Disability Support Services Phase 4,"A comprehensive initiative designed to empower vulnerable populations through education, training, and resource provision while promoting long-term self-sufficiency.",2019-02-24,2020-11-24,83008825
211,20,252,Digital Literacy Training Phase 4,"Multi-faceted project addressing systemic issues through grassroots mobilization, institutional strengthening, and innovative solution implementation.",2022-07-20,2024-12-20,79778741
212,18,261,Urban Agriculture Phase 4,"Focused on addressing critical social challenges through community engagement, advocacy, and the implementation of evidence-based interventions.",2021-05-18,2022-04-18,24929665
213,3,194,Library Modernization Phase 4,"Strategic program to enhance the quality of life for beneficiaries through direct service delivery, policy advocacy, and partnership development.",2021-07-12,2023-01-12,80328571
214,17,195,Women's Economic Empowerment Phase 4,Collaborative initiative bringing together stakeholders to address pressing social needs through coordinated action and resource mobilization.,2019-07-26,2022-06-26,26603034
215,10,277,Rural Healthcare Expansion Phase 4,"Strategic program to enhance the quality of life for beneficiaries through direct service delivery, policy advocacy, and partnership development.",2023-04-14,2026-07-14,10079237
216,5,90,Digital Literacy Training Phase 4,Comprehensive intervention addressing multiple dimensions of social welfare through targeted programming and strategic partnerships.,2021-08-01,2022-12-01,51732780
217,1,235,School Renovation Campaign Phase 4,"A comprehensive initiative designed to empower vulnerable populations through education, training, and resource provision while promoting long-term self-sufficiency.",2021-11-11,2022-09-11,86793111
218,17,311,Mental Health Awareness Phase 4,"Community-driven project focused on building local capacity, strengthening institutions, and fostering inclusive development practices.",2018-12-12,2021-01-12,71521020
219,7,34,Agricultural Technology Training Phase 4,"Transformative program designed to create sustainable change through education, empowerment, and the provision of essential services.",2020-02-24,2023-07-24,92680652
220,14,68,Transparency Initiative Phase 4,This project aims to improve access to essential services for underserved communities through sustainable infrastructure development and capacity building.,2022-05-13,2024-04-13,84418903
221,19,73,Solar Panel Distribution Phase 4,"Focused on addressing critical social challenges through community engagement, advocacy, and the implementation of evidence-based interventions.",2021-07-28,2024-11-28,57483248
222,4,138,Climate Change Adaptation Phase 4,"Transformative program designed to create sustainable change through education, empowerment, and the provision of essential services.",2023-01-11,2024-07-11,94090633
223,1,82,Mental Health Awareness Phase 4,"A comprehensive initiative designed to empower vulnerable populations through education, training, and resource provision while promoting long-term self-sufficiency.",2020-01-22,2020-11-22,64376417
224,14,349,Palliative Care Expansion Phase 4,"Strategic program to enhance the quality of life for beneficiaries through direct service delivery, policy advocacy, and partnership development.",2019-04-24,2020-01-24,88400820
225,20,399,School Renovation Campaign Phase 4,Collaborative initiative bringing together stakeholders to address pressing social needs through coordinated action and resource mobilization.,2023-03-28,2026-04-28,30014037
226,4,278,Solar Panel Distribution Phase 4,"Strategic program to enhance the quality of life for beneficiaries through direct service delivery, policy advocacy, and partnership development.",2023-08-12,2025-06-12,28903251
227,12,284,Cultural Heritage Preservation Phase 4,"A comprehensive initiative designed to empower vulnerable populations through education, training, and resource provision while promoting long-term self-sufficiency.",2020-07-19,2023-07-19,18456182
228,9,316,Microfinance for Entrepreneurs Phase 4,Collaborative initiative bringing together stakeholders to address pressing social needs through coordinated action and resource mobilization.,2019-06-27,2020-01-27,31734066
229,1,334,Digital Literacy Training Phase 4,"Multi-faceted project addressing systemic issues through grassroots mobilization, institutional strengthening, and innovative solution implementation.",2023-09-14,2025-12-14,11957467
230,16,293,Vocational Skills Training Phase 4,"Community-driven project focused on building local capacity, strengthening institutions, and fostering inclusive development practices.",2021-05-10,2024-05-10,80783867
231,3,220,Trade Skills Development Phase 4,"Transformative program designed to create sustainable change through education, empowerment, and the provision of essential services.",2019-09-10,2021-09-10,20922234
232,4,139,Renewable Energy Research Phase 4,Collaborative initiative bringing together stakeholders to address pressing social needs through coordinated action and resource mobilization.,2018-06-22,2020-09-22,98036425
233,12,136,Child Protection Services Phase 4,"Community-driven project focused on building local capacity, strengthening institutions, and fostering inclusive development practices.",2023-03-27,2023-09-27,86073597
234,10,301,Housing for Homeless Phase 4,"Integrated approach to community development combining awareness campaigns, skills training, and infrastructure improvements for lasting impact.",2019-05-06,2021-05-06,99428278
235,10,57,Climate Change Adaptation Phase 4,"A comprehensive initiative designed to empower vulnerable populations through education, training, and resource provision while promoting long-term self-sufficiency.",2021-10-10,2023-08-10,81233586
236,13,100,Library Modernization Phase 4,"Multi-faceted project addressing systemic issues through grassroots mobilization, institutional strengthening, and innovative solution implementation.",2019-03-05,2020-08-05,55369533
237,2,164,Food Security Enhancement Phase 4,Comprehensive intervention addressing multiple dimensions of social welfare through targeted programming and strategic partnerships.,2023-07-10,2024-12-10,67224716
238,10,259,Financial Literacy Training Phase 4,"Focused on addressing critical social challenges through community engagement, advocacy, and the implementation of evidence-based interventions.",2022-07-09,2023-07-09,82860516
239,8,131,Anti-Corruption Advocacy Phase 4,"Strategic program to enhance the quality of life for beneficiaries through direct service delivery, policy advocacy, and partnership development.",2024-07-09,2026-08-09,88122410
240,3,54,Neighborhood Safety Phase 4,"Community-driven project focused on building local capacity, strengthening institutions, and fostering inclusive development practices.",2021-06-20,2024-10-20,91028266
241,10,88,Gender Equality Advocacy Phase 4,"Strategic program to enhance the quality of life for beneficiaries through direct service delivery, policy advocacy, and partnership development.",2021-12-22,2025-02-22,32349350
242,11,4,Clean Water Access Initiative Phase 4,Comprehensive intervention addressing multiple dimensions of social welfare through targeted programming and strategic partnerships.,2019-03-18,2021-02-18,77109762
243,14,382,Women's Economic Empowerment Phase 4,"Integrated approach to community development combining awareness campaigns, skills training, and infrastructure improvements for lasting impact.",2021-04-13,2022-11-13,77475266
244,18,106,Rural Healthcare Expansion Phase 4,"Multi-faceted project addressing systemic issues through grassroots mobilization, institutional strengthening, and innovative solution implementation.",2022-04-18,2023-11-18,36882502
245,20,77,Disaster Preparedness Phase 4,"Integrated approach to community development combining awareness campaigns, skills training, and infrastructure improvements for lasting impact.",2019-07-08,2021-09-08,63989098
246,19,21,Blood Donation Campaign Phase 4,Comprehensive intervention addressing multiple dimensions of social welfare through targeted programming and strategic partnerships.,2024-01-21,2025-06-21,7763485
247,19,34,Maternal Health Improvement Phase 4,"Community-driven project focused on building local capacity, strengthening institutions, and fostering inclusive development practices.",2023-04-13,2026-04-13,5194011
248,11,154,Housing for Homeless Phase 4,"Focused on addressing critical social challenges through community engagement, advocacy, and the implementation of evidence-based interventions.",2023-09-22,2025-07-22,27708399
249,4,356,Animal Shelter Expansion Phase 4,"Transformative program designed to create sustainable change through education, empowerment, and the provision of essential services.",2021-06-14,2024-08-14,98877827
250,8,301,Urban Agriculture Phase 5,This project aims to improve access to essential services for underserved communities through sustainable infrastructure development and capacity building.,2022-01-14,2023-05-14,76251135
251,3,206,Microfinance for Entrepreneurs Phase 5,This project aims to improve access to essential services for underserved communities through sustainable infrastructure development and capacity building.,2021-11-20,2024-10-20,73041585
252,9,93,Mental Health Awareness Phase 5,"Transformative program designed to create sustainable change through education, empowerment, and the provision of essential services.",2018-11-20,2021-10-20,26149322
253,1,64,Agricultural Technology Training Phase 5,"Integrated approach to community development combining awareness campaigns, skills training, and infrastructure improvements for lasting impact.",2022-01-10,2023-03-10,4125051
254,18,121,Reforestation Campaign Phase 5,Collaborative initiative bringing together stakeholders to address pressing social needs through coordinated action and resource mobilization.,2018-03-09,2021-08-09,48245211
255,3,72,Animal Shelter Expansion Phase 5,"Integrated approach to community development combining awareness campaigns, skills training, and infrastructure improvements for lasting impact.",2019-02-12,2021-05-12,9538641
256,14,397,Neighborhood Safety Phase 5,"Multi-faceted project addressing systemic issues through grassroots mobilization, institutional strengthening, and innovative solution implementation.",2019-08-06,2021-12-06,32112788
257,19,186,Elderly Care Services Phase 5,"Strategic program to enhance the quality of life for beneficiaries through direct service delivery, policy advocacy, and partnership development.",2022-06-21,2025-03-21,92010275
258,2,86,Maternal Health Improvement Phase 5,Comprehensive intervention addressing multiple dimensions of social welfare through targeted programming and strategic partnerships.,2023-01-27,2025-12-27,12399843
259,16,282,Sustainable Tourism Development Phase 5,"A comprehensive initiative designed to empower vulnerable populations through education, training, and resource provision while promoting long-term self-sufficiency.",2023-01-17,2023-12-17,10352433
260,17,11,Scholarship Program Phase 5,"Strategic program to enhance the quality of life for beneficiaries through direct service delivery, policy advocacy, and partnership development.",2024-07-17,2027-02-17,60921146
261,4,9,Voter Education Campaign Phase 5,Comprehensive intervention addressing multiple dimensions of social welfare through targeted programming and strategic partnerships.,2019-05-23,2022-02-23,11439271
262,18,42,Immigration Support Phase 5,"Integrated approach to community development combining awareness campaigns, skills training, and infrastructure improvements for lasting impact.",2022-03-15,2024-09-15,62510332
263,8,271,Child Nutrition Enhancement Phase 5,"Focused on addressing critical social challenges through community engagement, advocacy, and the implementation of evidence-based interventions.",2022-09-04,2023-10-04,86839543
264,12,221,Climate Change Adaptation Phase 5,"A comprehensive initiative designed to empower vulnerable populations through education, training, and resource provision while promoting long-term self-sufficiency.",2020-12-06,2024-02-06,71571631
265,16,256,Public Health Screening Phase 5,Comprehensive intervention addressing multiple dimensions of social welfare through targeted programming and strategic partnerships.,2020-07-27,2022-07-27,56558748
266,1,65,Animal Shelter Expansion Phase 5,"Transformative program designed to create sustainable change through education, empowerment, and the provision of essential services.",2024-12-27,2027-08-27,39773668
267,3,17,Mental Health Awareness Phase 5,"Transformative program designed to create sustainable change through education, empowerment, and the provision of essential services.",2021-11-09,2023-07-09,63212468
268,8,262,Climate Change Adaptation Phase 5,This project aims to improve access to essential services for underserved communities through sustainable infrastructure development and capacity building.,2022-11-21,2024-04-21,68253836
269,14,390,Transparency Initiative Phase 5,Comprehensive intervention addressing multiple dimensions of social welfare through targeted programming and strategic partnerships.,2018-02-17,2019-09-17,38227314
270,11,27,Music Education for Children Phase 5,"A comprehensive initiative designed to empower vulnerable populations through education, training, and resource provision while promoting long-term self-sufficiency.",2018-07-10,2020-08-10,26171197
271,6,264,Disaster Preparedness Phase 5,"Focused on addressing critical social challenges through community engagement, advocacy, and the implementation of evidence-based interventions.",2024-07-07,2026-01-07,95098996
272,12,387,Legal Aid Services Phase 5,Comprehensive intervention addressing multiple dimensions of social welfare through targeted programming and strategic partnerships.,2020-06-24,2023-02-24,82182205
273,2,233,Housing for Homeless Phase 5,"Strategic program to enhance the quality of life for beneficiaries through direct service delivery, policy advocacy, and partnership development.",2022-11-17,2025-07-17,45951434
274,11,396,Environmental Conservation Phase 5,"Multi-faceted project addressing systemic issues through grassroots mobilization, institutional strengthening, and innovative solution implementation.",2019-07-04,2022-01-04,50532858
275,8,208,Women's Economic Empowerment Phase 5,"A comprehensive initiative designed to empower vulnerable populations through education, training, and resource provision while promoting long-term self-sufficiency.",2019-01-27,2020-02-27,52688339
276,8,242,Malaria Prevention Phase 5,"A comprehensive initiative designed to empower vulnerable populations through education, training, and resource provision while promoting long-term self-sufficiency.",2023-03-10,2024-05-10,67898669
277,13,281,Immigration Support Phase 5,"Integrated approach to community development combining awareness campaigns, skills training, and infrastructure improvements for lasting impact.",2022-08-07,2025-05-07,56296547
278,3,19,Clean Water Access Initiative Phase 5,"Integrated approach to community development combining awareness campaigns, skills training, and infrastructure improvements for lasting impact.",2024-10-12,2027-12-12,43003092
279,1,385,Renewable Energy Research Phase 5,"Transformative program designed to create sustainable change through education, empowerment, and the provision of essential services.",2020-06-15,2022-04-15,55516338
280,4,63,Legal Aid Services Phase 5,"Focused on addressing critical social challenges through community engagement, advocacy, and the implementation of evidence-based interventions.",2023-09-09,2026-01-09,83757660
281,10,58,Public Health Screening Phase 5,Collaborative initiative bringing together stakeholders to address pressing social needs through coordinated action and resource mobilization.,2018-03-07,2019-02-07,14378895
282,8,384,Emergency Relief Response Phase 5,Comprehensive intervention addressing multiple dimensions of social welfare through targeted programming and strategic partnerships.,2020-06-25,2020-12-25,57916440
283,12,254,Solar Energy Installation Phase 5,Comprehensive intervention addressing multiple dimensions of social welfare through targeted programming and strategic partnerships.,2020-09-18,2021-08-18,91324900
284,13,317,Crisis Intervention Phase 5,"Transformative program designed to create sustainable change through education, empowerment, and the provision of essential services.",2024-12-14,2026-02-14,7749059
285,12,177,Elderly Care Services Phase 5,"Focused on addressing critical social challenges through community engagement, advocacy, and the implementation of evidence-based interventions.",2024-05-15,2027-10-15,66565547
286,13,144,Food Security Enhancement Phase 5,"A comprehensive initiative designed to empower vulnerable populations through education, training, and resource provision while promoting long-term self-sufficiency.",2019-02-24,2020-01-24,4184139
287,13,161,Sports for Youth Phase 5,This project aims to improve access to essential services for underserved communities through sustainable infrastructure development and capacity building.,2018-12-15,2020-05-15,48414999
288,5,100,Environmental Conservation Phase 5,"Community-driven project focused on building local capacity, strengthening institutions, and fostering inclusive development practices.",2020-07-04,2022-05-04,86936184
289,1,28,Public Health Screening Phase 5,Comprehensive intervention addressing multiple dimensions of social welfare through targeted programming and strategic partnerships.,2020-05-24,2023-01-24,59343960
290,17,379,Library Modernization Phase 5,"Strategic program to enhance the quality of life for beneficiaries through direct service delivery, policy advocacy, and partnership development.",2018-09-10,2020-05-10,84323607
291,1,174,Immigration Support Phase 5,"Transformative program designed to create sustainable change through education, empowerment, and the provision of essential services.",2024-01-15,2026-05-15,15672550
292,1,373,Library Modernization Phase 5,"Multi-faceted project addressing systemic issues through grassroots mobilization, institutional strengthening, and innovative solution implementation.",2021-09-28,2023-04-28,18382917
293,12,272,Public Health Screening Phase 5,"Focused on addressing critical social challenges through community engagement, advocacy, and the implementation of evidence-based interventions.",2022-02-15,2024-03-15,29594644
294,13,189,Housing for Homeless Phase 5,This project aims to improve access to essential services for underserved communities through sustainable infrastructure development and capacity building.,2021-03-08,2024-04-08,85086514
295,10,307,Immigration Support Phase 5,"Strategic program to enhance the quality of life for beneficiaries through direct service delivery, policy advocacy, and partnership development.",2021-04-06,2022-06-06,37629655
296,1,362,Malaria Prevention Phase 5,Collaborative initiative bringing together stakeholders to address pressing social needs through coordinated action and resource mobilization.,2020-09-25,2022-06-25,3634019
297,18,127,Malaria Prevention Phase 5,"Transformative program designed to create sustainable change through education, empowerment, and the provision of essential services.",2018-05-24,2020-02-24,56129380
298,20,398,Malaria Prevention Phase 5,Collaborative initiative bringing together stakeholders to address pressing social needs through coordinated action and resource mobilization.,2018-11-11,2022-04-11,43741863
299,8,136,Disability Support Services Phase 5,Comprehensive intervention addressing multiple dimensions of social welfare through targeted programming and strategic partnerships.,2020-11-09,2023-01-09,70256841
300,5,88,Climate Change Adaptation Phase 6,"Integrated approach to community development combining awareness campaigns, skills training, and infrastructure improvements for lasting impact.",2018-02-07,2021-07-07,46313827
